{"providers":[{"file":"char/black.png","chars":[""],"height":1,"ascent":-5000,"type":"bitmap"},{"file":"char/black.png","chars":[""],"height":2,"ascent":-5000,"type":"bitmap"},{"file":"char/black.png","chars":[""],"height":3,"ascent":-5000,"type":"bitmap"},{"file":"char/black.png","chars":[""],"height":4,"ascent":-5000,"type":"bitmap"},{"file":"char/black.png","chars":[""],"height":5,"ascent":-5000,"type":"bitmap"},{"file":"char/black.png","chars":[""],"height":6,"ascent":-5000,"type":"bitmap"},{"file":"char/black.png","chars":[""],"height":7,"ascent":-5000,"type":"bitmap"},{"file":"char/black.png","chars":[""],"height":15,"ascent":-5000,"type":"bitmap"},{"file":"char/black.png","chars":[""],"height":31,"ascent":-5000,"type":"bitmap"},{"file":"char/black.png","chars":[""],"height":63,"ascent":-5000,"type":"bitmap"},{"file":"char/black.png","chars":[""],"height":127,"ascent":-5000,"type":"bitmap"},{"file":"char/black.png","chars":[""],"height":256,"ascent":-5000,"type":"bitmap"},{"file":"char/black.png","chars":[""],"height":512,"ascent":-5000,"type":"bitmap"},{"file":"char/black.png","chars":[""],"height":1024,"ascent":-5000,"type":"bitmap"},{"file":"char/black.png","chars":[""],"height":-3,"ascent":-5000,"type":"bitmap"},{"file":"char/black.png","chars":[""],"height":-4,"ascent":-5000,"type":"bitmap"},{"file":"char/black.png","chars":[""],"height":-5,"ascent":-5000,"type":"bitmap"},{"file":"char/black.png","chars":[""],"height":-6,"ascent":-5000,"type":"bitmap"},{"file":"char/black.png","chars":[""],"height":-7,"ascent":-5000,"type":"bitmap"},{"file":"char/black.png","chars":[""],"height":-8,"ascent":-5000,"type":"bitmap"},{"file":"char/black.png","chars":[""],"height":-9,"ascent":-5000,"type":"bitmap"},{"file":"char/black.png","chars":[""],"height":-10,"ascent":-5000,"type":"bitmap"},{"file":"char/black.png","chars":[""],"height":-18,"ascent":-5000,"type":"bitmap"},{"file":"char/black.png","chars":[""],"height":-34,"ascent":-5000,"type":"bitmap"},{"file":"char/black.png","chars":[""],"height":-66,"ascent":-5000,"type":"bitmap"},{"file":"char/black.png","chars":[""],"height":-130,"ascent":-5000,"type":"bitmap"},{"file":"char/black.png","chars":[""],"height":-259,"ascent":-5000,"type":"bitmap"},{"file":"char/black.png","chars":[""],"height":-515,"ascent":-5000,"type":"bitmap"},{"file":"char/black.png","chars":[""],"height":-1027,"ascent":-5000,"type":"bitmap"},{"file":"_iainternal:gui/no_recipe.png","chars":[""],"height":170,"ascent":47,"type":"bitmap"},{"file":"_iainternal:gui/crafting.png","chars":[""],"height":170,"ascent":47,"type":"bitmap"},{"file":"_iainternal:gui/cooking.png","chars":[""],"height":170,"ascent":47,"type":"bitmap"},{"file":"_iainternal:gui/blank_menu.png","chars":[""],"height":170,"ascent":47,"type":"bitmap"},{"file":"_iainternal:gui/anvil_repair.png","chars":[""],"height":170,"ascent":47,"type":"bitmap"},{"file":"_iainternal:gui/smithing.png","chars":[""],"height":170,"ascent":47,"type":"bitmap"},{"file":"ranks:asquiliumtab.png","chars":[""],"height":25,"ascent":0,"type":"bitmap"},{"file":"ranks:owner.png","chars":[""],"height":10,"ascent":8,"type":"bitmap"},{"file":"ranks:president.png","chars":[""],"height":10,"ascent":8,"type":"bitmap"},{"file":"ranks:developer.png","chars":[""],"height":10,"ascent":8,"type":"bitmap"},{"file":"ranks:admin.png","chars":[""],"height":10,"ascent":8,"type":"bitmap"},{"file":"ranks:warmaster.png","chars":[""],"height":10,"ascent":8,"type":"bitmap"},{"file":"ranks:media.png","chars":[""],"height":10,"ascent":8,"type":"bitmap"},{"file":"ranks:premiumplus.png","chars":[""],"height":10,"ascent":8,"type":"bitmap"},{"file":"ranks:premium.png","chars":[""],"height":10,"ascent":8,"type":"bitmap"},{"file":"ranks:default.png","chars":[""],"height":10,"ascent":8,"type":"bitmap"},{"file":"ranks:vanished.png","chars":[""],"height":10,"ascent":8,"type":"bitmap"},{"file":"ranks:afk.png","chars":[""],"height":10,"ascent":8,"type":"bitmap"},{"file":"ranks:menu/menu.png","chars":[""],"height":133,"ascent":20,"type":"bitmap"},{"file":"ranks:menu/craft.png","chars":[""],"height":133,"ascent":20,"type":"bitmap"},{"file":"ranks:menu/craft-view.png","chars":[""],"height":133,"ascent":20,"type":"bitmap"},{"file":"ranks:flags/flag-ganza.png","chars":[""],"height":8,"ascent":7,"type":"bitmap"},{"file":"ranks:flags/flag-rus.png","chars":[""],"height":8,"ascent":7,"type":"bitmap"}]}