{"sources":[{"type":"single","resource":"custom_items:items/5krimff"},{"type":"single","resource":"custom_items:items/100krimfix"},{"type":"single","resource":"_iainternal:icons/icon_search"},{"type":"single","resource":"_iainternal:icons/icon_next_orange"},{"type":"single","resource":"custom_items:items/3krimff"},{"type":"single","resource":"_iainternal:icons/icon_right_blue"},{"type":"single","resource":"custom_items:items/200krimff"},{"type":"single","resource":"custom_items:items/25krimff"},{"type":"single","resource":"_iainternal:icons/icon_left_blue"},{"type":"single","resource":"_iainternal:icons/icon_cancel"},{"type":"single","resource":"custom_items:items/1krimff"},{"type":"single","resource":"custom_items:items/50krimff"},{"type":"single","resource":"custom_items:items/10krimchakfix"},{"type":"single","resource":"_iainternal:icons/icon_back_orange"},{"type":"single","resource":"custom_items:items/custom_coal"},{"type":"single","resource":"custom_items:items/air"},{"type":"single","resource":"_iainternal:icons/icon_arrow_chest"}]}