{"parent":"minecraft:item/generated","textures":{"layer0":"minecraft:item/paper"},"overrides":[{"predicate":{"custom_model_data":10000},"model":"_iainternal:ia_auto_gen/icon_left_blue"},{"predicate":{"custom_model_data":10001},"model":"_iainternal:ia_auto_gen/icon_right_blue"},{"predicate":{"custom_model_data":10002},"model":"_iainternal:ia_auto_gen/icon_search"},{"predicate":{"custom_model_data":10003},"model":"_iainternal:ia_auto_gen/icon_cancel"},{"predicate":{"custom_model_data":10004},"model":"_iainternal:ia_auto_gen/icon_arrow_chest"},{"predicate":{"custom_model_data":10005},"model":"_iainternal:ia_auto_gen/icon_back_orange"},{"predicate":{"custom_model_data":10006},"model":"_iainternal:ia_auto_gen/icon_next_orange"},{"predicate":{"custom_model_data":10035},"model":"custom_items:ia_auto_gen/air"},{"predicate":{"custom_model_data":10036},"model":"custom_items:ia_auto_gen/200kr"},{"predicate":{"custom_model_data":10037},"model":"custom_items:ia_auto_gen/100kr"},{"predicate":{"custom_model_data":10038},"model":"custom_items:ia_auto_gen/50kr"},{"predicate":{"custom_model_data":10039},"model":"custom_items:ia_auto_gen/25kr"},{"predicate":{"custom_model_data":10040},"model":"custom_items:ia_auto_gen/10kr"},{"predicate":{"custom_model_data":10041},"model":"custom_items:ia_auto_gen/5kr"},{"predicate":{"custom_model_data":10042},"model":"custom_items:ia_auto_gen/3kr"},{"predicate":{"custom_model_data":10043},"model":"custom_items:ia_auto_gen/1kr"},{"predicate":{"custom_model_data":10044},"model":"item/paper"}]}