{"parent":"minecraft:item/template_skull","overrides":[{"predicate":{"custom_model_data":10009},"model":"_iainternal:entity/player/phead_0"},{"predicate":{"custom_model_data":10010},"model":"_iainternal:entity/player/parm_left_3"},{"predicate":{"custom_model_data":10011},"model":"_iainternal:entity/player/pbody_2"},{"predicate":{"custom_model_data":10012},"model":"_iainternal:entity/player/pleg_left_1"},{"predicate":{"custom_model_data":10013},"model":"_iainternal:entity/player/pleg_right_5"},{"predicate":{"custom_model_data":10014},"model":"_iainternal:entity/player/parm_right_4"},{"predicate":{"custom_model_data":10015},"model":"item/player_head"}]}